Date,Number 1,Number 2,Number 3,Number 4,Number 5,Mega Ball
2026-09-25,25,57,58,67,68,16
2026-09-22,7,13,26,37,68,8
2026-09-18,4,9,24,56,68,1
2026-09-15,27,36,43,57,58,16
2026-09-11,3,30,33,53,62,22
2026-09-08,17,30,43,58,66,20
2026-09-04,6,26,34,59,61,24
2026-09-01,1,22,51,61,63,17
2026-08-28,8,17,29,42,55,2
2026-08-25,7,10,47,48,50,14
2026-08-21,1,25,34,48,57,24
2026-08-18,5,19,30,38,59,12
2026-08-14,3,23,27,46,60,11
2026-08-11,1,20,30,46,68,17
2026-08-07,17,20,32,54,57,23
2026-08-04,14,21,51,55,65,21
2026-07-31,4,18,26,43,51,4
2026-07-28,34,48,49,59,70,12
2026-07-24,2,5,42,44,60,1
2026-07-21,25,37,59,68,70,10
2026-07-17,22,34,45,48,55,14
2026-07-14,2,4,10,48,56,22
2026-07-10,2,39,44,46,56,23
2026-07-07,2,31,35,36,63,12
