Number,Times Drawn,Type,Ranking
1,0,Main Number,Least Common
34,0,Main Number,Least Common
51,0,Main Number,Least Common
11,1,Main Number,
13,1,Main Number,
22,1,Main Number,
23,1,Main Number,
28,1,Main Number,
31,1,Main Number,
32,1,Main Number,
33,1,Main Number,
35,1,Main Number,
39,1,Main Number,
43,1,Main Number,
46,1,Main Number,
52,1,Main Number,
60,1,Main Number,
62,1,Main Number,
7,2,Main Number,
12,2,Main Number,
16,2,Main Number,
19,2,Main Number,
20,2,Main Number,
21,2,Main Number,
24,2,Main Number,
27,2,Main Number,
38,2,Main Number,
41,2,Main Number,
42,2,Main Number,
47,2,Main Number,
49,2,Main Number,
53,2,Main Number,
66,2,Main Number,
68,2,Main Number,
69,2,Main Number,
3,3,Main Number,
4,3,Main Number,
6,3,Main Number,
10,3,Main Number,
18,3,Main Number,
26,3,Main Number,
36,3,Main Number,
37,3,Main Number,
44,3,Main Number,
45,3,Main Number,
48,3,Main Number,
56,3,Main Number,
61,3,Main Number,
63,3,Main Number,
2,4,Main Number,
8,4,Main Number,
15,4,Main Number,
17,4,Main Number,
25,4,Main Number,
30,4,Main Number,
50,4,Main Number,
54,4,Main Number,
55,4,Main Number,
57,4,Main Number,
59,4,Main Number,
64,4,Main Number,
67,4,Main Number,
5,5,Main Number,
9,5,Main Number,
14,5,Main Number,
29,5,Main Number,
40,5,Main Number,
65,5,Main Number,
58,7,Main Number,Most Common
6,0,Powerball,Least Common
11,0,Powerball,Least Common
12,0,Powerball,Least Common
15,0,Powerball,Least Common
19,0,Powerball,Least Common
21,0,Powerball,Least Common
26,0,Powerball,Least Common
1,1,Powerball,
8,1,Powerball,
13,1,Powerball,
16,1,Powerball,
20,1,Powerball,
24,1,Powerball,
4,2,Powerball,
5,2,Powerball,
7,2,Powerball,
9,2,Powerball,
14,2,Powerball,
17,2,Powerball,
18,2,Powerball,
22,2,Powerball,
23,2,Powerball,
25,2,Powerball,
2,3,Powerball,
10,3,Powerball,
3,4,Powerball,Most Common
