Date,Number 1,Number 2,Number 3,Number 4,Number 5,Powerball
2026-09-26,14,40,52,55,57,24
2026-09-23,5,15,26,29,30,14
2026-09-21,2,7,9,17,58,20
2026-09-19,18,30,41,45,68,10
2026-09-16,2,21,24,25,64,7
2026-09-14,19,20,57,61,67,22
2026-09-12,14,16,23,58,69,3
2026-09-09,9,40,42,55,65,23
2026-09-07,15,19,28,39,56,3
2026-09-05,15,40,47,53,59,9
2026-09-02,3,10,29,58,64,14
2026-08-31,11,17,25,37,49,10
2026-08-29,18,56,62,65,67,18
2026-08-26,12,32,45,50,58,2
2026-08-24,3,16,33,38,68,2
2026-08-22,13,31,54,57,65,23
2026-08-19,10,21,58,61,64,17
2026-08-17,8,15,25,49,65,22
2026-08-15,5,8,27,29,63,13
2026-08-12,4,26,66,67,69,9
2026-08-10,6,37,54,55,64,10
2026-08-08,5,9,35,54,63,7
2026-08-05,14,20,59,60,61,25
2026-08-03,8,30,41,48,54,4
2026-08-01,6,17,27,48,50,5
2026-07-29,30,36,40,42,57,2
2026-07-27,6,26,46,58,65,25
2026-07-25,3,4,24,36,47,17
2026-07-22,4,5,22,50,58,1
2026-07-20,2,9,44,53,59,8
2026-07-18,9,14,44,50,56,3
2026-07-15,2,7,18,29,38,16
2026-07-13,5,25,36,40,48,3
2026-07-11,8,10,14,45,59,5
2026-07-08,12,29,37,43,55,18
2026-07-06,17,44,63,66,67,4
